[
{
  "model": "blog.category",
  "pk": 1,
  "fields": {
    "title": "День как день",
    "description": "У вас убежало молоко? Вы отразили атаку инопланетян, как и позавчера?\r\nРасскажите, как проходят ваши самые обычные дни.",
    "slug": "routine",
    "is_published": true,
    "created_at": "2022-12-18T23:03:52.159Z"
  }
},
{
  "model": "blog.category",
  "pk": 2,
  "fields": {
    "title": "Здоровье",
    "description": "Как сохранить физическое здоровье, не растеряв душевного спокойствия? Истории о спорте и ЗОЖ, о болезнях и выздоровлениях — пишите в эту категорию!",
    "slug": "health",
    "is_published": true,
    "created_at": "2022-12-18T23:04:21.682Z"
  }
},
{
  "model": "blog.category",
  "pk": 3,
  "fields": {
    "title": "Наблюдения",
    "description": "Мир полон важными событиями и деталями, о которых не пишут в газетах и не говорят по ТВ. Рассказывайте здесь обо всём, что видите вокруг себя!",
    "slug": "details",
    "is_published": true,
    "created_at": "2022-12-18T23:04:48.750Z"
  }
},
{
  "model": "blog.category",
  "pk": 4,
  "fields": {
    "title": "Посиделки",
    "description": "Вечеринки, встречи, симпозиумы и дискуссии — обо всём этом пишите и читайте в категории «Посиделки». Про интересные zoom-конференции тоже можно.",
    "slug": "party",
    "is_published": true,
    "created_at": "2022-12-18T23:05:14.572Z"
  }
},
{
  "model": "blog.category",
  "pk": 5,
  "fields": {
    "title": "Путешествия",
    "description": "Пишите, читайте и обсуждайте рассказы о путешествиях. Здесь рады всем, кто любит странствия и дорожные байки.",
    "slug": "travel",
    "is_published": true,
    "created_at": "2022-12-18T23:05:41.354Z"
  }
},
{
  "model": "blog.category",
  "pk": 6,
  "fields": {
    "title": "Работа",
    "description": "Расскажите о своей работе и о том, что вы делаете сейчас. Это категория для публикаций трудоголиков-экстравертов, добро пожаловать!",
    "slug": "work",
    "is_published": true,
    "created_at": "2022-12-18T23:06:07.543Z"
  }
},
{
  "model": "blog.location",
  "pk": 1,
  "fields": {
    "name": "Байона",
    "is_published": true,
    "created_at": "2022-12-18T23:00:36.479Z"
  }
},
{
  "model": "blog.location",
  "pk": 2,
  "fields": {
    "name": "Биарриц",
    "is_published": true,
    "created_at": "2022-12-18T23:00:51.057Z"
  }
},
{
  "model": "blog.location",
  "pk": 3,
  "fields": {
    "name": "Мелихово",
    "is_published": true,
    "created_at": "2022-12-18T23:01:08.177Z"
  }
},
{
  "model": "blog.location",
  "pk": 4,
  "fields": {
    "name": "Монте-Карло",
    "is_published": true,
    "created_at": "2022-12-18T23:01:15.237Z"
  }
},
{
  "model": "blog.location",
  "pk": 5,
  "fields": {
    "name": "Москва",
    "is_published": true,
    "created_at": "2022-12-18T23:01:34.377Z"
  }
},
{
  "model": "blog.location",
  "pk": 6,
  "fields": {
    "name": "Никольское-Обольяниново",
    "is_published": true,
    "created_at": "2022-12-18T23:01:47.101Z"
  }
},
{
  "model": "blog.location",
  "pk": 7,
  "fields": {
    "name": "Ницца",
    "is_published": true,
    "created_at": "2022-12-18T23:02:04.372Z"
  }
},
{
  "model": "blog.location",
  "pk": 8,
  "fields": {
    "name": "Париж",
    "is_published": true,
    "created_at": "2022-12-18T23:02:08.988Z"
  }
},
{
  "model": "blog.location",
  "pk": 9,
  "fields": {
    "name": "Петербург",
    "is_published": true,
    "created_at": "2022-12-18T23:02:15.074Z"
  }
},
{
  "model": "blog.location",
  "pk": 10,
  "fields": {
    "name": "Серпухов",
    "is_published": true,
    "created_at": "2022-12-18T23:02:34.910Z"
  }
},
{
  "model": "blog.location",
  "pk": 11,
  "fields": {
    "name": "Тверь",
    "is_published": true,
    "created_at": "2022-12-18T23:02:38.961Z"
  }
},
{
  "model": "blog.location",
  "pk": 12,
  "fields": {
    "name": "Торжок",
    "is_published": true,
    "created_at": "2022-12-18T23:02:43.798Z"
  }
},
{
  "model": "blog.post",
  "pk": 1,
  "fields": {
    "title": "Мой уникальный пост #1",
    "text": "Это уникальное содержание для поста #1. Создано в моем собственном блоге!",
    "pub_date": "2026-04-01T14:00:11.114Z",
    "author": 3,
    "location": 5,
    "category": 4,
    "is_published": true,
    "created_at": "2022-12-18T23:06:18.993Z"
  }
},
{
  "model": "blog.post",
  "pk": 2,
  "fields": {
    "title": "Мой уникальный пост #2",
    "text": "Это уникальное содержание для поста #2. Создано в моем собственном блоге!",
    "pub_date": "2026-04-01T14:00:11.124Z",
    "author": 3,
    "location": 5,
    "category": 4,
    "is_published": true,
    "created_at": "2022-12-18T23:06:18.995Z"
  }
},
{
  "model": "blog.post",
  "pk": 3,
  "fields": {
    "title": "Мой уникальный пост #3",
    "text": "Это уникальное содержание для поста #3. Создано в моем собственном блоге!",
    "pub_date": "2026-04-01T14:00:11.132Z",
    "author": 3,
    "location": 5,
    "category": 4,
    "is_published": true,
    "created_at": "2022-12-18T23:06:18.998Z"
  }
},
{
  "model": "blog.post",
  "pk": 4,
  "fields": {
    "title": "Мой уникальный пост #4",
    "text": "Это уникальное содержание для поста #4. Создано в моем собственном блоге!",
    "pub_date": "2026-04-01T14:00:11.142Z",
    "author": 3,
    "location": 5,
    "category": 4,
    "is_published": true,
    "created_at": "2022-12-18T23:06:19.001Z"
  }
},
{
  "model": "blog.post",
  "pk": 5,
  "fields": {
    "title": "Мой уникальный пост #5",
    "text": "Это уникальное содержание для поста #5. Создано в моем собственном блоге!",
    "pub_date": "2026-04-01T14:00:11.173Z",
    "author": 3,
    "location": 10,
    "category": 1,
    "is_published": true,
    "created_at": "2022-12-18T23:06:19.004Z"
  }
},
{
  "model": "blog.post",
  "pk": 6,
  "fields": {
    "title": "Мой уникальный пост #6",
    "text": "Это уникальное содержание для поста #6. Создано в моем собственном блоге!",
    "pub_date": "2026-04-01T14:00:11.180Z",
    "author": 3,
    "location": 5,
    "category": 2,
    "is_published": true,
    "created_at": "2022-12-18T23:06:19.006Z"
  }
},
{
  "model": "blog.post",
  "pk": 7,
  "fields": {
    "title": "Мой уникальный пост #7",
    "text": "Это уникальное содержание для поста #7. Создано в моем собственном блоге!",
    "pub_date": "2026-04-01T14:00:11.195Z",
    "author": 3,
    "location": 5,
    "category": 1,
    "is_published": true,
    "created_at": "2022-12-18T23:06:19.009Z"
  }
},
{
  "model": "blog.post",
  "pk": 8,
  "fields": {
    "title": "Мой уникальный пост #8",
    "text": "Это уникальное содержание для поста #8. Создано в моем собственном блоге!",
    "pub_date": "2026-04-01T14:00:11.202Z",
    "author": 3,
    "location": 3,
    "category": 1,
    "is_published": true,
    "created_at": "2022-12-18T23:06:19.012Z"
  }
},
{
  "model": "blog.post",
  "pk": 9,
  "fields": {
    "title": "Мой уникальный пост #9",
    "text": "Это уникальное содержание для поста #9. Создано в моем собственном блоге!",
    "pub_date": "2026-04-01T14:00:11.210Z",
    "author": 3,
    "location": 3,
    "category": 1,
    "is_published": true,
    "created_at": "2022-12-18T23:06:19.015Z"
  }
},
{
  "model": "blog.post",
  "pk": 10,
  "fields": {
    "title": "Мой уникальный пост #10",
    "text": "Это уникальное содержание для поста #10. Создано в моем собственном блоге!",
    "pub_date": "2026-04-01T14:00:11.217Z",
    "author": 3,
    "location": 3,
    "category": 1,
    "is_published": true,
    "created_at": "2022-12-18T23:06:19.018Z"
  }
},
{
  "model": "blog.post",
  "pk": 11,
  "fields": {
    "title": "Мой уникальный пост #11",
    "text": "Это уникальное содержание для поста #11. Создано в моем собственном блоге!",
    "pub_date": "2026-04-01T14:00:11.223Z",
    "author": 3,
    "location": 3,
    "category": 1,
    "is_published": true,
    "created_at": "2022-12-18T23:06:19.020Z"
  }
},
{
  "model": "blog.post",
  "pk": 12,
  "fields": {
    "title": "Мой уникальный пост #12",
    "text": "Это уникальное содержание для поста #12. Создано в моем собственном блоге!",
    "pub_date": "2026-04-01T14:00:11.231Z",
    "author": 3,
    "location": 9,
    "category": 1,
    "is_published": true,
    "created_at": "2022-12-18T23:06:19.023Z"
  }
},
{
  "model": "blog.post",
  "pk": 13,
  "fields": {
    "title": "Мой уникальный пост #13",
    "text": "Это уникальное содержание для поста #13. Создано в моем собственном блоге!",
    "pub_date": "2026-04-01T14:00:11.252Z",
    "author": 3,
    "location": 9,
    "category": 1,
    "is_published": true,
    "created_at": "2022-12-18T23:06:19.026Z"
  }
},
{
  "model": "blog.post",
  "pk": 14,
  "fields": {
    "title": "Мой уникальный пост #14",
    "text": "Это уникальное содержание для поста #14. Создано в моем собственном блоге!",
    "pub_date": "2026-04-01T14:00:11.259Z",
    "author": 3,
    "location": 5,
    "category": 3,
    "is_published": true,
    "created_at": "2022-12-18T23:06:19.029Z"
  }
},
{
  "model": "blog.post",
  "pk": 15,
  "fields": {
    "title": "Мой уникальный пост #15",
    "text": "Это уникальное содержание для поста #15. Создано в моем собственном блоге!",
    "pub_date": "2026-04-01T14:00:11.269Z",
    "author": 3,
    "location": 8,
    "category": 5,
    "is_published": true,
    "created_at": "2022-12-18T23:06:19.032Z"
  }
},
{
  "model": "blog.post",
  "pk": 16,
  "fields": {
    "title": "Мой уникальный пост #16",
    "text": "Это уникальное содержание для поста #16. Создано в моем собственном блоге!",
    "pub_date": "2026-04-01T14:00:11.276Z",
    "author": 3,
    "location": 2,
    "category": 5,
    "is_published": true,
    "created_at": "2022-12-18T23:06:19.034Z"
  }
},
{
  "model": "blog.post",
  "pk": 17,
  "fields": {
    "title": "Мой уникальный пост #17",
    "text": "Это уникальное содержание для поста #17. Создано в моем собственном блоге!",
    "pub_date": "2026-04-01T14:00:11.297Z",
    "author": 3,
    "location": 1,
    "category": 5,
    "is_published": true,
    "created_at": "2022-12-18T23:06:19.037Z"
  }
},
{
  "model": "blog.post",
  "pk": 18,
  "fields": {
    "title": "Мой уникальный пост #18",
    "text": "Это уникальное содержание для поста #18. Создано в моем собственном блоге!",
    "pub_date": "2026-04-01T14:00:11.322Z",
    "author": 3,
    "location": 7,
    "category": 5,
    "is_published": true,
    "created_at": "2022-12-18T23:06:19.039Z"
  }
},
{
  "model": "blog.post",
  "pk": 19,
  "fields": {
    "title": "Мой уникальный пост #19",
    "text": "Это уникальное содержание для поста #19. Создано в моем собственном блоге!",
    "pub_date": "2026-04-01T14:00:11.335Z",
    "author": 3,
    "location": 7,
    "category": 4,
    "is_published": true,
    "created_at": "2022-12-18T23:06:19.042Z"
  }
},
{
  "model": "blog.post",
  "pk": 20,
  "fields": {
    "title": "Мой уникальный пост #20",
    "text": "Это уникальное содержание для поста #20. Создано в моем собственном блоге!",
    "pub_date": "2026-04-01T14:00:11.357Z",
    "author": 3,
    "location": 7,
    "category": 6,
    "is_published": true,
    "created_at": "2022-12-18T23:06:19.046Z"
  }
},
{
  "model": "blog.post",
  "pk": 21,
  "fields": {
    "title": "Мой уникальный пост #21",
    "text": "Это уникальное содержание для поста #21. Создано в моем собственном блоге!",
    "pub_date": "2026-04-01T14:00:11.380Z",
    "author": 3,
    "location": 4,
    "category": 3,
    "is_published": true,
    "created_at": "2022-12-18T23:06:19.049Z"
  }
},
{
  "model": "blog.post",
  "pk": 22,
  "fields": {
    "title": "Мой уникальный пост #22",
    "text": "Это уникальное содержание для поста #22. Создано в моем собственном блоге!",
    "pub_date": "2026-04-01T14:00:11.387Z",
    "author": 3,
    "location": 4,
    "category": 3,
    "is_published": true,
    "created_at": "2022-12-18T23:06:19.052Z"
  }
},
{
  "model": "blog.post",
  "pk": 23,
  "fields": {
    "title": "Мой уникальный пост #23",
    "text": "Это уникальное содержание для поста #23. Создано в моем собственном блоге!",
    "pub_date": "2026-04-01T14:00:11.405Z",
    "author": 4,
    "location": 11,
    "category": 1,
    "is_published": true,
    "created_at": "2022-12-18T23:06:19.055Z"
  }
},
{
  "model": "blog.post",
  "pk": 24,
  "fields": {
    "title": "Мой уникальный пост #24",
    "text": "Это уникальное содержание для поста #24. Создано в моем собственном блоге!",
    "pub_date": "2026-04-01T14:00:11.427Z",
    "author": 4,
    "location": 11,
    "category": 4,
    "is_published": true,
    "created_at": "2022-12-18T23:06:19.059Z"
  }
},
{
  "model": "blog.post",
  "pk": 25,
  "fields": {
    "title": "Мой уникальный пост #25",
    "text": "Это уникальное содержание для поста #25. Создано в моем собственном блоге!",
    "pub_date": "2026-04-01T14:00:11.436Z",
    "author": 4,
    "location": 11,
    "category": 3,
    "is_published": true,
    "created_at": "2022-12-18T23:06:19.062Z"
  }
},
{
  "model": "blog.post",
  "pk": 26,
  "fields": {
    "title": "Мой уникальный пост #26",
    "text": "Это уникальное содержание для поста #26. Создано в моем собственном блоге!",
    "pub_date": "2026-04-01T14:00:11.456Z",
    "author": 4,
    "location": 11,
    "category": 1,
    "is_published": true,
    "created_at": "2022-12-18T23:06:19.066Z"
  }
},
{
  "model": "blog.post",
  "pk": 27,
  "fields": {
    "title": "Мой уникальный пост #27",
    "text": "Это уникальное содержание для поста #27. Создано в моем собственном блоге!",
    "pub_date": "2026-04-01T14:00:11.478Z",
    "author": 4,
    "location": 11,
    "category": 4,
    "is_published": true,
    "created_at": "2022-12-18T23:06:19.068Z"
  }
},
{
  "model": "blog.post",
  "pk": 28,
  "fields": {
    "title": "Мой уникальный пост #28",
    "text": "Это уникальное содержание для поста #28. Создано в моем собственном блоге!",
    "pub_date": "2026-04-01T14:00:11.485Z",
    "author": 4,
    "location": 11,
    "category": 4,
    "is_published": true,
    "created_at": "2022-12-18T23:06:19.071Z"
  }
},
{
  "model": "blog.post",
  "pk": 29,
  "fields": {
    "title": "Мой уникальный пост #29",
    "text": "Это уникальное содержание для поста #29. Создано в моем собственном блоге!",
    "pub_date": "2026-04-01T14:00:11.507Z",
    "author": 4,
    "location": 11,
    "category": 4,
    "is_published": true,
    "created_at": "2022-12-18T23:06:19.074Z"
  }
},
{
  "model": "blog.post",
  "pk": 30,
  "fields": {
    "title": "Мой уникальный пост #30",
    "text": "Это уникальное содержание для поста #30. Создано в моем собственном блоге!",
    "pub_date": "2026-04-01T14:00:11.525Z",
    "author": 4,
    "location": 11,
    "category": 6,
    "is_published": true,
    "created_at": "2022-12-18T23:06:19.077Z"
  }
},
{
  "model": "blog.post",
  "pk": 31,
  "fields": {
    "title": "Мой уникальный пост #31",
    "text": "Это уникальное содержание для поста #31. Создано в моем собственном блоге!",
    "pub_date": "2026-04-01T14:00:11.543Z",
    "author": 4,
    "location": 11,
    "category": 1,
    "is_published": true,
    "created_at": "2022-12-18T23:06:19.080Z"
  }
},
{
  "model": "blog.post",
  "pk": 32,
  "fields": {
    "title": "Мой уникальный пост #32",
    "text": "Это уникальное содержание для поста #32. Создано в моем собственном блоге!",
    "pub_date": "2026-04-01T14:00:11.556Z",
    "author": 4,
    "location": 11,
    "category": 1,
    "is_published": true,
    "created_at": "2022-12-18T23:06:19.083Z"
  }
},
{
  "model": "blog.post",
  "pk": 33,
  "fields": {
    "title": "Мой уникальный пост #33",
    "text": "Это уникальное содержание для поста #33. Создано в моем собственном блоге!",
    "pub_date": "2026-04-01T14:00:11.574Z",
    "author": 4,
    "location": 11,
    "category": 4,
    "is_published": true,
    "created_at": "2022-12-18T23:06:19.086Z"
  }
},
{
  "model": "blog.post",
  "pk": 34,
  "fields": {
    "title": "Мой уникальный пост #34",
    "text": "Это уникальное содержание для поста #34. Создано в моем собственном блоге!",
    "pub_date": "2026-04-01T14:00:11.597Z",
    "author": 4,
    "location": 12,
    "category": 5,
    "is_published": true,
    "created_at": "2022-12-18T23:06:19.088Z"
  }
},
{
  "model": "blog.post",
  "pk": 35,
  "fields": {
    "title": "Мой уникальный пост #35",
    "text": "Это уникальное содержание для поста #35. Создано в моем собственном блоге!",
    "pub_date": "2026-04-01T14:00:11.604Z",
    "author": 4,
    "location": 12,
    "category": 3,
    "is_published": true,
    "created_at": "2022-12-18T23:06:19.091Z"
  }
},
{
  "model": "blog.post",
  "pk": 36,
  "fields": {
    "title": "Мой уникальный пост #36",
    "text": "Это уникальное содержание для поста #36. Создано в моем собственном блоге!",
    "pub_date": "2026-04-01T14:00:11.613Z",
    "author": 2,
    "location": 6,
    "category": 6,
    "is_published": true,
    "created_at": "2022-12-18T23:06:19.094Z"
  }
},
{
  "model": "blog.post",
  "pk": 37,
  "fields": {
    "title": "Мой уникальный пост #37",
    "text": "Это уникальное содержание для поста #37. Создано в моем собственном блоге!",
    "pub_date": "2026-04-01T14:00:11.621Z",
    "author": 2,
    "location": 5,
    "category": 1,
    "is_published": true,
    "created_at": "2022-12-18T23:06:19.097Z"
  }
},
{
  "model": "blog.post",
  "pk": 38,
  "fields": {
    "title": "Мой уникальный пост #38",
    "text": "Это уникальное содержание для поста #38. Создано в моем собственном блоге!",
    "pub_date": "2026-04-01T14:00:11.628Z",
    "author": 2,
    "location": 5,
    "category": 1,
    "is_published": true,
    "created_at": "2022-12-18T23:06:19.099Z"
  }
},
{
  "model": "blog.post",
  "pk": 39,
  "fields": {
    "title": "Мой уникальный пост #39",
    "text": "Это уникальное содержание для поста #39. Создано в моем собственном блоге!",
    "pub_date": "2026-04-01T14:00:11.635Z",
    "author": 2,
    "location": 5,
    "category": 1,
    "is_published": true,
    "created_at": "2022-12-18T23:06:19.102Z"
  }
},
{
  "model": "admin.logentry",
  "pk": 1,
  "fields": {
    "action_time": "2022-12-18T22:58:32.970Z",
    "user": 1,
    "content_type": 7,
    "object_id": "2",
    "object_repr": "leo",
    "action_flag": 1,
    "change_message": "[{\"added\": {}}]"
  }
},
{
  "model": "admin.logentry",
  "pk": 2,
  "fields": {
    "action_time": "2022-12-18T22:58:46.672Z",
    "user": 1,
    "content_type": 7,
    "object_id": "3",
    "object_repr": "anton",
    "action_flag": 1,
    "change_message": "[{\"added\": {}}]"
  }
},
{
  "model": "admin.logentry",
  "pk": 3,
  "fields": {
    "action_time": "2022-12-18T22:58:59.142Z",
    "user": 1,
    "content_type": 7,
    "object_id": "4",
    "object_repr": "alex",
    "action_flag": 1,
    "change_message": "[{\"added\": {}}]"
  }
},
{
  "model": "admin.logentry",
  "pk": 4,
  "fields": {
    "action_time": "2022-12-18T22:59:22.949Z",
    "user": 1,
    "content_type": 7,
    "object_id": "2",
    "object_repr": "leo",
    "action_flag": 2,
    "change_message": "[{\"changed\": {\"fields\": [\"First name\", \"Last name\"]}}]"
  }
},
{
  "model": "admin.logentry",
  "pk": 5,
  "fields": {
    "action_time": "2022-12-18T22:59:35.767Z",
    "user": 1,
    "content_type": 7,
    "object_id": "3",
    "object_repr": "anton",
    "action_flag": 2,
    "change_message": "[{\"changed\": {\"fields\": [\"First name\", \"Last name\"]}}]"
  }
},
{
  "model": "admin.logentry",
  "pk": 6,
  "fields": {
    "action_time": "2022-12-18T23:00:05.266Z",
    "user": 1,
    "content_type": 7,
    "object_id": "4",
    "object_repr": "alex",
    "action_flag": 2,
    "change_message": "[{\"changed\": {\"fields\": [\"First name\", \"Last name\"]}}]"
  }
},
{
  "model": "admin.logentry",
  "pk": 7,
  "fields": {
    "action_time": "2022-12-18T23:00:36.481Z",
    "user": 1,
    "content_type": 2,
    "object_id": "1",
    "object_repr": "Байона",
    "action_flag": 1,
    "change_message": "[{\"added\": {}}]"
  }
},
{
  "model": "admin.logentry",
  "pk": 8,
  "fields": {
    "action_time": "2022-12-18T23:00:51.058Z",
    "user": 1,
    "content_type": 2,
    "object_id": "2",
    "object_repr": "Биарриц",
    "action_flag": 1,
    "change_message": "[{\"added\": {}}]"
  }
},
{
  "model": "admin.logentry",
  "pk": 9,
  "fields": {
    "action_time": "2022-12-18T23:01:08.179Z",
    "user": 1,
    "content_type": 2,
    "object_id": "3",
    "object_repr": "Мелихово",
    "action_flag": 1,
    "change_message": "[{\"added\": {}}]"
  }
},
{
  "model": "admin.logentry",
  "pk": 10,
  "fields": {
    "action_time": "2022-12-18T23:01:15.239Z",
    "user": 1,
    "content_type": 2,
    "object_id": "4",
    "object_repr": "Монте-Карло",
    "action_flag": 1,
    "change_message": "[{\"added\": {}}]"
  }
},
{
  "model": "admin.logentry",
  "pk": 11,
  "fields": {
    "action_time": "2022-12-18T23:01:34.379Z",
    "user": 1,
    "content_type": 2,
    "object_id": "5",
    "object_repr": "Москва",
    "action_flag": 1,
    "change_message": "[{\"added\": {}}]"
  }
},
{
  "model": "admin.logentry",
  "pk": 12,
  "fields": {
    "action_time": "2022-12-18T23:01:47.104Z",
    "user": 1,
    "content_type": 2,
    "object_id": "6",
    "object_repr": "Никольское-Обольяниново",
    "action_flag": 1,
    "change_message": "[{\"added\": {}}]"
  }
},
{
  "model": "admin.logentry",
  "pk": 13,
  "fields": {
    "action_time": "2022-12-18T23:02:04.374Z",
    "user": 1,
    "content_type": 2,
    "object_id": "7",
    "object_repr": "Ницца",
    "action_flag": 1,
    "change_message": "[{\"added\": {}}]"
  }
},
{
  "model": "admin.logentry",
  "pk": 14,
  "fields": {
    "action_time": "2022-12-18T23:02:08.990Z",
    "user": 1,
    "content_type": 2,
    "object_id": "8",
    "object_repr": "Париж",
    "action_flag": 1,
    "change_message": "[{\"added\": {}}]"
  }
},
{
  "model": "admin.logentry",
  "pk": 15,
  "fields": {
    "action_time": "2022-12-18T23:02:15.076Z",
    "user": 1,
    "content_type": 2,
    "object_id": "9",
    "object_repr": "Петербург",
    "action_flag": 1,
    "change_message": "[{\"added\": {}}]"
  }
},
{
  "model": "admin.logentry",
  "pk": 16,
  "fields": {
    "action_time": "2022-12-18T23:02:34.914Z",
    "user": 1,
    "content_type": 2,
    "object_id": "10",
    "object_repr": "Серпухов",
    "action_flag": 1,
    "change_message": "[{\"added\": {}}]"
  }
},
{
  "model": "admin.logentry",
  "pk": 17,
  "fields": {
    "action_time": "2022-12-18T23:02:38.963Z",
    "user": 1,
    "content_type": 2,
    "object_id": "11",
    "object_repr": "Тверь",
    "action_flag": 1,
    "change_message": "[{\"added\": {}}]"
  }
},
{
  "model": "admin.logentry",
  "pk": 18,
  "fields": {
    "action_time": "2022-12-18T23:02:43.799Z",
    "user": 1,
    "content_type": 2,
    "object_id": "12",
    "object_repr": "Торжок",
    "action_flag": 1,
    "change_message": "[{\"added\": {}}]"
  }
},
{
  "model": "admin.logentry",
  "pk": 19,
  "fields": {
    "action_time": "2022-12-18T23:03:52.162Z",
    "user": 1,
    "content_type": 1,
    "object_id": "1",
    "object_repr": "День как день",
    "action_flag": 1,
    "change_message": "[{\"added\": {}}]"
  }
},
{
  "model": "admin.logentry",
  "pk": 20,
  "fields": {
    "action_time": "2022-12-18T23:04:21.683Z",
    "user": 1,
    "content_type": 1,
    "object_id": "2",
    "object_repr": "Здоровье",
    "action_flag": 1,
    "change_message": "[{\"added\": {}}]"
  }
},
{
  "model": "admin.logentry",
  "pk": 21,
  "fields": {
    "action_time": "2022-12-18T23:04:48.752Z",
    "user": 1,
    "content_type": 1,
    "object_id": "3",
    "object_repr": "Наблюдения",
    "action_flag": 1,
    "change_message": "[{\"added\": {}}]"
  }
},
{
  "model": "admin.logentry",
  "pk": 22,
  "fields": {
    "action_time": "2022-12-18T23:05:14.574Z",
    "user": 1,
    "content_type": 1,
    "object_id": "4",
    "object_repr": "Посиделки",
    "action_flag": 1,
    "change_message": "[{\"added\": {}}]"
  }
},
{
  "model": "admin.logentry",
  "pk": 23,
  "fields": {
    "action_time": "2022-12-18T23:05:41.356Z",
    "user": 1,
    "content_type": 1,
    "object_id": "5",
    "object_repr": "Путешествия",
    "action_flag": 1,
    "change_message": "[{\"added\": {}}]"
  }
},
{
  "model": "admin.logentry",
  "pk": 24,
  "fields": {
    "action_time": "2022-12-18T23:06:07.546Z",
    "user": 1,
    "content_type": 1,
    "object_id": "6",
    "object_repr": "Работа",
    "action_flag": 1,
    "change_message": "[{\"added\": {}}]"
  }
},
{
  "model": "admin.logentry",
  "pk": 25,
  "fields": {
    "action_time": "2022-12-18T23:08:09.337Z",
    "user": 1,
    "content_type": 3,
    "object_id": "2",
    "object_repr": "Блины",
    "action_flag": 2,
    "change_message": "[{\"changed\": {\"fields\": [\"\\u0417\\u0430\\u0433\\u043e\\u043b\\u043e\\u0432\\u043e\\u043a\"]}}]"
  }
},
{
  "model": "admin.logentry",
  "pk": 26,
  "fields": {
    "action_time": "2022-12-18T23:08:31.327Z",
    "user": 1,
    "content_type": 3,
    "object_id": "22",
    "object_repr": "Кража",
    "action_flag": 2,
    "change_message": "[{\"changed\": {\"fields\": [\"\\u0417\\u0430\\u0433\\u043e\\u043b\\u043e\\u0432\\u043e\\u043a\"]}}]"
  }
},
{
  "model": "admin.logentry",
  "pk": 27,
  "fields": {
    "action_time": "2022-12-18T23:08:44.897Z",
    "user": 1,
    "content_type": 3,
    "object_id": "21",
    "object_repr": "Неприятное зрелище",
    "action_flag": 2,
    "change_message": "[{\"changed\": {\"fields\": [\"\\u0417\\u0430\\u0433\\u043e\\u043b\\u043e\\u0432\\u043e\\u043a\"]}}]"
  }
},
{
  "model": "admin.logentry",
  "pk": 28,
  "fields": {
    "action_time": "2022-12-18T23:09:09.960Z",
    "user": 1,
    "content_type": 3,
    "object_id": "20",
    "object_repr": "Признания шпиона",
    "action_flag": 2,
    "change_message": "[{\"changed\": {\"fields\": [\"\\u0417\\u0430\\u0433\\u043e\\u043b\\u043e\\u0432\\u043e\\u043a\", \"\\u0422\\u0435\\u043a\\u0441\\u0442\"]}}]"
  }
},
{
  "model": "admin.logentry",
  "pk": 29,
  "fields": {
    "action_time": "2022-12-18T23:09:22.383Z",
    "user": 1,
    "content_type": 3,
    "object_id": "22",
    "object_repr": "Кража",
    "action_flag": 2,
    "change_message": "[{\"changed\": {\"fields\": [\"\\u0422\\u0435\\u043a\\u0441\\u0442\"]}}]"
  }
},
{
  "model": "admin.logentry",
  "pk": 30,
  "fields": {
    "action_time": "2022-12-18T23:09:27.837Z",
    "user": 1,
    "content_type": 3,
    "object_id": "21",
    "object_repr": "Неприятное зрелище",
    "action_flag": 2,
    "change_message": "[{\"changed\": {\"fields\": [\"\\u0422\\u0435\\u043a\\u0441\\u0442\"]}}]"
  }
},
{
  "model": "admin.logentry",
  "pk": 31,
  "fields": {
    "action_time": "2022-12-18T23:09:45.708Z",
    "user": 1,
    "content_type": 3,
    "object_id": "19",
    "object_repr": "Знакомство с Максимом Ковалевским",
    "action_flag": 2,
    "change_message": "[{\"changed\": {\"fields\": [\"\\u0417\\u0430\\u0433\\u043e\\u043b\\u043e\\u0432\\u043e\\u043a\", \"\\u0422\\u0435\\u043a\\u0441\\u0442\"]}}]"
  }
},
{
  "model": "admin.logentry",
  "pk": 32,
  "fields": {
    "action_time": "2022-12-18T23:10:06.162Z",
    "user": 1,
    "content_type": 3,
    "object_id": "18",
    "object_repr": "Дорога",
    "action_flag": 2,
    "change_message": "[{\"changed\": {\"fields\": [\"\\u0417\\u0430\\u0433\\u043e\\u043b\\u043e\\u0432\\u043e\\u043a\", \"\\u0422\\u0435\\u043a\\u0441\\u0442\"]}}]"
  }
},
{
  "model": "admin.logentry",
  "pk": 33,
  "fields": {
    "action_time": "2022-12-18T23:10:29.853Z",
    "user": 1,
    "content_type": 3,
    "object_id": "17",
    "object_repr": "Бой с коровами",
    "action_flag": 2,
    "change_message": "[{\"changed\": {\"fields\": [\"\\u0417\\u0430\\u0433\\u043e\\u043b\\u043e\\u0432\\u043e\\u043a\", \"\\u0422\\u0435\\u043a\\u0441\\u0442\"]}}]"
  }
},
{
  "model": "admin.logentry",
  "pk": 34,
  "fields": {
    "action_time": "2022-12-18T23:11:06.540Z",
    "user": 1,
    "content_type": 3,
    "object_id": "16",
    "object_repr": "Здесь много русских",
    "action_flag": 2,
    "change_message": "[{\"changed\": {\"fields\": [\"\\u0417\\u0430\\u0433\\u043e\\u043b\\u043e\\u0432\\u043e\\u043a\", \"\\u0422\\u0435\\u043a\\u0441\\u0442\"]}}]"
  }
},
{
  "model": "admin.logentry",
  "pk": 35,
  "fields": {
    "action_time": "2022-12-18T23:11:20.482Z",
    "user": 1,
    "content_type": 3,
    "object_id": "15",
    "object_repr": "Париж",
    "action_flag": 2,
    "change_message": "[{\"changed\": {\"fields\": [\"\\u0417\\u0430\\u0433\\u043e\\u043b\\u043e\\u0432\\u043e\\u043a\", \"\\u0422\\u0435\\u043a\\u0441\\u0442\"]}}]"
  }
},
{
  "model": "admin.logentry",
  "pk": 36,
  "fields": {
    "action_time": "2022-12-18T23:12:07.616Z",
    "user": 1,
    "content_type": 3,
    "object_id": "14",
    "object_repr": "Клопы",
    "action_flag": 2,
    "change_message": "[{\"changed\": {\"fields\": [\"\\u0417\\u0430\\u0433\\u043e\\u043b\\u043e\\u0432\\u043e\\u043a\"]}}]"
  }
},
{
  "model": "admin.logentry",
  "pk": 37,
  "fields": {
    "action_time": "2022-12-18T23:12:24.037Z",
    "user": 1,
    "content_type": 3,
    "object_id": "13",
    "object_repr": "Я в Петербурге",
    "action_flag": 2,
    "change_message": "[{\"changed\": {\"fields\": [\"\\u0417\\u0430\\u0433\\u043e\\u043b\\u043e\\u0432\\u043e\\u043a\", \"\\u0422\\u0435\\u043a\\u0441\\u0442\"]}}]"
  }
},
{
  "model": "admin.logentry",
  "pk": 38,
  "fields": {
    "action_time": "2022-12-18T23:12:42.230Z",
    "user": 1,
    "content_type": 3,
    "object_id": "12",
    "object_repr": "Медаль",
    "action_flag": 2,
    "change_message": "[{\"changed\": {\"fields\": [\"\\u0417\\u0430\\u0433\\u043e\\u043b\\u043e\\u0432\\u043e\\u043a\", \"\\u0422\\u0435\\u043a\\u0441\\u0442\"]}}]"
  }
},
{
  "model": "admin.logentry",
  "pk": 39,
  "fields": {
    "action_time": "2022-12-18T23:12:57.698Z",
    "user": 1,
    "content_type": 3,
    "object_id": "11",
    "object_repr": "Меня пишет художник",
    "action_flag": 2,
    "change_message": "[{\"changed\": {\"fields\": [\"\\u0417\\u0430\\u0433\\u043e\\u043b\\u043e\\u0432\\u043e\\u043a\"]}}]"
  }
},
{
  "model": "admin.logentry",
  "pk": 40,
  "fields": {
    "action_time": "2022-12-18T23:13:18.786Z",
    "user": 1,
    "content_type": 3,
    "object_id": "10",
    "object_repr": "Освящение школы в Новоселках",
    "action_flag": 2,
    "change_message": "[{\"changed\": {\"fields\": [\"\\u0417\\u0430\\u0433\\u043e\\u043b\\u043e\\u0432\\u043e\\u043a\"]}}]"
  }
},
{
  "model": "admin.logentry",
  "pk": 41,
  "fields": {
    "action_time": "2022-12-18T23:13:52.846Z",
    "user": 1,
    "content_type": 3,
    "object_id": "9",
    "object_repr": "Две школы",
    "action_flag": 2,
    "change_message": "[{\"changed\": {\"fields\": [\"\\u0417\\u0430\\u0433\\u043e\\u043b\\u043e\\u0432\\u043e\\u043a\"]}}]"
  }
},
{
  "model": "admin.logentry",
  "pk": 42,
  "fields": {
    "action_time": "2022-12-18T23:14:07.781Z",
    "user": 1,
    "content_type": 3,
    "object_id": "8",
    "object_repr": "Гости",
    "action_flag": 2,
    "change_message": "[{\"changed\": {\"fields\": [\"\\u0417\\u0430\\u0433\\u043e\\u043b\\u043e\\u0432\\u043e\\u043a\", \"\\u0422\\u0435\\u043a\\u0441\\u0442\"]}}]"
  }
},
{
  "model": "admin.logentry",
  "pk": 43,
  "fields": {
    "action_time": "2022-12-18T23:14:22.249Z",
    "user": 1,
    "content_type": 3,
    "object_id": "7",
    "object_repr": "Приезжал ко мне Иван Щеглов",
    "action_flag": 2,
    "change_message": "[{\"changed\": {\"fields\": [\"\\u0417\\u0430\\u0433\\u043e\\u043b\\u043e\\u0432\\u043e\\u043a\", \"\\u0422\\u0435\\u043a\\u0441\\u0442\"]}}]"
  }
},
{
  "model": "admin.logentry",
  "pk": 44,
  "fields": {
    "action_time": "2022-12-18T23:14:35.935Z",
    "user": 1,
    "content_type": 3,
    "object_id": "6",
    "object_repr": "Кровохарканье",
    "action_flag": 2,
    "change_message": "[{\"changed\": {\"fields\": [\"\\u0417\\u0430\\u0433\\u043e\\u043b\\u043e\\u0432\\u043e\\u043a\"]}}]"
  }
},
{
  "model": "admin.logentry",
  "pk": 45,
  "fields": {
    "action_time": "2022-12-18T23:14:48.299Z",
    "user": 1,
    "content_type": 3,
    "object_id": "39",
    "object_repr": "Не дурно прожил",
    "action_flag": 2,
    "change_message": "[]"
  }
},
{
  "model": "admin.logentry",
  "pk": 46,
  "fields": {
    "action_time": "2022-12-18T23:15:10.444Z",
    "user": 1,
    "content_type": 3,
    "object_id": "38",
    "object_repr": "Батюшки, сколько дней пропустил",
    "action_flag": 2,
    "change_message": "[{\"changed\": {\"fields\": [\"\\u0417\\u0430\\u0433\\u043e\\u043b\\u043e\\u0432\\u043e\\u043a\"]}}]"
  }
},
{
  "model": "admin.logentry",
  "pk": 47,
  "fields": {
    "action_time": "2022-12-18T23:15:29.280Z",
    "user": 1,
    "content_type": 3,
    "object_id": "37",
    "object_repr": "Утром почти не занимался",
    "action_flag": 2,
    "change_message": "[{\"changed\": {\"fields\": [\"\\u0417\\u0430\\u0433\\u043e\\u043b\\u043e\\u0432\\u043e\\u043a\"]}}]"
  }
},
{
  "model": "admin.logentry",
  "pk": 48,
  "fields": {
    "action_time": "2022-12-18T23:15:44.033Z",
    "user": 1,
    "content_type": 3,
    "object_id": "36",
    "object_repr": "Жив. Совершенно здоров.",
    "action_flag": 2,
    "change_message": "[{\"changed\": {\"fields\": [\"\\u0417\\u0430\\u0433\\u043e\\u043b\\u043e\\u0432\\u043e\\u043a\"]}}]"
  }
},
{
  "model": "admin.logentry",
  "pk": 49,
  "fields": {
    "action_time": "2022-12-18T23:16:07.581Z",
    "user": 1,
    "content_type": 3,
    "object_id": "5",
    "object_repr": "Любительский спектакль",
    "action_flag": 2,
    "change_message": "[{\"changed\": {\"fields\": [\"\\u0417\\u0430\\u0433\\u043e\\u043b\\u043e\\u0432\\u043e\\u043a\"]}}]"
  }
},
{
  "model": "admin.logentry",
  "pk": 50,
  "fields": {
    "action_time": "2022-12-18T23:16:30.714Z",
    "user": 1,
    "content_type": 3,
    "object_id": "4",
    "object_repr": "Обед в «Континентале»",
    "action_flag": 2,
    "change_message": "[{\"changed\": {\"fields\": [\"\\u0417\\u0430\\u0433\\u043e\\u043b\\u043e\\u0432\\u043e\\u043a\"]}}]"
  }
},
{
  "model": "admin.logentry",
  "pk": 51,
  "fields": {
    "action_time": "2022-12-18T23:17:02.556Z",
    "user": 1,
    "content_type": 3,
    "object_id": "3",
    "object_repr": "Собрались в редакции «Русской мысли»",
    "action_flag": 2,
    "change_message": "[{\"changed\": {\"fields\": [\"\\u0417\\u0430\\u0433\\u043e\\u043b\\u043e\\u0432\\u043e\\u043a\"]}}]"
  }
},
{
  "model": "admin.logentry",
  "pk": 52,
  "fields": {
    "action_time": "2022-12-18T23:17:23.935Z",
    "user": 1,
    "content_type": 3,
    "object_id": "1",
    "object_repr": "Обед",
    "action_flag": 2,
    "change_message": "[{\"changed\": {\"fields\": [\"\\u0417\\u0430\\u0433\\u043e\\u043b\\u043e\\u0432\\u043e\\u043a\", \"\\u0422\\u0435\\u043a\\u0441\\u0442\"]}}]"
  }
},
{
  "model": "admin.logentry",
  "pk": 53,
  "fields": {
    "action_time": "2022-12-18T23:17:50.476Z",
    "user": 1,
    "content_type": 3,
    "object_id": "35",
    "object_repr": "Ходили по городу",
    "action_flag": 2,
    "change_message": "[{\"changed\": {\"fields\": [\"\\u0417\\u0430\\u0433\\u043e\\u043b\\u043e\\u0432\\u043e\\u043a\", \"\\u0422\\u0435\\u043a\\u0441\\u0442\"]}}]"
  }
},
{
  "model": "admin.logentry",
  "pk": 54,
  "fields": {
    "action_time": "2022-12-18T23:18:06.016Z",
    "user": 1,
    "content_type": 3,
    "object_id": "34",
    "object_repr": "Полночь. Торжок.",
    "action_flag": 2,
    "change_message": "[{\"changed\": {\"fields\": [\"\\u0417\\u0430\\u0433\\u043e\\u043b\\u043e\\u0432\\u043e\\u043a\", \"\\u0422\\u0435\\u043a\\u0441\\u0442\"]}}]"
  }
},
{
  "model": "admin.logentry",
  "pk": 55,
  "fields": {
    "action_time": "2022-12-18T23:18:36.660Z",
    "user": 1,
    "content_type": 3,
    "object_id": "33",
    "object_repr": "Поздравил Колышкина",
    "action_flag": 2,
    "change_message": "[{\"changed\": {\"fields\": [\"\\u0417\\u0430\\u0433\\u043e\\u043b\\u043e\\u0432\\u043e\\u043a\", \"\\u0422\\u0435\\u043a\\u0441\\u0442\"]}}]"
  }
},
{
  "model": "admin.logentry",
  "pk": 56,
  "fields": {
    "action_time": "2022-12-18T23:19:08.499Z",
    "user": 1,
    "content_type": 3,
    "object_id": "32",
    "object_repr": "Немного успокоился",
    "action_flag": 2,
    "change_message": "[{\"changed\": {\"fields\": [\"\\u0417\\u0430\\u0433\\u043e\\u043b\\u043e\\u0432\\u043e\\u043a\", \"\\u0422\\u0435\\u043a\\u0441\\u0442\"]}}]"
  }
},
{
  "model": "admin.logentry",
  "pk": 57,
  "fields": {
    "action_time": "2022-12-18T23:19:28.188Z",
    "user": 1,
    "content_type": 3,
    "object_id": "31",
    "object_repr": "Получил Русскую беседу",
    "action_flag": 2,
    "change_message": "[{\"changed\": {\"fields\": [\"\\u0417\\u0430\\u0433\\u043e\\u043b\\u043e\\u0432\\u043e\\u043a\", \"\\u0422\\u0435\\u043a\\u0441\\u0442\"]}}]"
  }
},
{
  "model": "admin.logentry",
  "pk": 58,
  "fields": {
    "action_time": "2022-12-18T23:19:56.617Z",
    "user": 1,
    "content_type": 3,
    "object_id": "30",
    "object_repr": "Продолжение",
    "action_flag": 2,
    "change_message": "[{\"changed\": {\"fields\": [\"\\u0417\\u0430\\u0433\\u043e\\u043b\\u043e\\u0432\\u043e\\u043a\", \"\\u0422\\u0435\\u043a\\u0441\\u0442\"]}}]"
  }
},
{
  "model": "admin.logentry",
  "pk": 59,
  "fields": {
    "action_time": "2022-12-18T23:20:31.006Z",
    "user": 1,
    "content_type": 3,
    "object_id": "29",
    "object_repr": "Ночь не спал",
    "action_flag": 2,
    "change_message": "[{\"changed\": {\"fields\": [\"\\u0417\\u0430\\u0433\\u043e\\u043b\\u043e\\u0432\\u043e\\u043a\", \"\\u0422\\u0435\\u043a\\u0441\\u0442\"]}}]"
  }
},
{
  "model": "admin.logentry",
  "pk": 60,
  "fields": {
    "action_time": "2022-12-18T23:20:46.260Z",
    "user": 1,
    "content_type": 3,
    "object_id": "28",
    "object_repr": "Колышкин",
    "action_flag": 2,
    "change_message": "[{\"changed\": {\"fields\": [\"\\u0417\\u0430\\u0433\\u043e\\u043b\\u043e\\u0432\\u043e\\u043a\", \"\\u0422\\u0435\\u043a\\u0441\\u0442\"]}}]"
  }
},
{
  "model": "admin.logentry",
  "pk": 61,
  "fields": {
    "action_time": "2022-12-18T23:21:06.124Z",
    "user": 1,
    "content_type": 3,
    "object_id": "27",
    "object_repr": "Пообедали в трактире",
    "action_flag": 2,
    "change_message": "[{\"changed\": {\"fields\": [\"\\u0417\\u0430\\u0433\\u043e\\u043b\\u043e\\u0432\\u043e\\u043a\", \"\\u0422\\u0435\\u043a\\u0441\\u0442\"]}}]"
  }
},
{
  "model": "admin.logentry",
  "pk": 62,
  "fields": {
    "action_time": "2022-12-18T23:21:22.691Z",
    "user": 1,
    "content_type": 3,
    "object_id": "26",
    "object_repr": "Просидел весь день дома",
    "action_flag": 2,
    "change_message": "[{\"changed\": {\"fields\": [\"\\u0417\\u0430\\u0433\\u043e\\u043b\\u043e\\u0432\\u043e\\u043a\", \"\\u0422\\u0435\\u043a\\u0441\\u0442\"]}}]"
  }
},
{
  "model": "admin.logentry",
  "pk": 63,
  "fields": {
    "action_time": "2022-12-18T23:21:40.921Z",
    "user": 1,
    "content_type": 3,
    "object_id": "25",
    "object_repr": "Ходили за Тьмаку.",
    "action_flag": 2,
    "change_message": "[{\"changed\": {\"fields\": [\"\\u0417\\u0430\\u0433\\u043e\\u043b\\u043e\\u0432\\u043e\\u043a\", \"\\u0422\\u0435\\u043a\\u0441\\u0442\"]}}]"
  }
},
{
  "model": "admin.logentry",
  "pk": 64,
  "fields": {
    "action_time": "2022-12-18T23:22:13.740Z",
    "user": 1,
    "content_type": 3,
    "object_id": "24",
    "object_repr": "Отдохнули",
    "action_flag": 2,
    "change_message": "[{\"changed\": {\"fields\": [\"\\u0417\\u0430\\u0433\\u043e\\u043b\\u043e\\u0432\\u043e\\u043a\", \"\\u0422\\u0435\\u043a\\u0441\\u0442\"]}}]"
  }
},
{
  "model": "admin.logentry",
  "pk": 65,
  "fields": {
    "action_time": "2022-12-18T23:22:35.245Z",
    "user": 1,
    "content_type": 3,
    "object_id": "23",
    "object_repr": "Покупки",
    "action_flag": 2,
    "change_message": "[{\"changed\": {\"fields\": [\"\\u0417\\u0430\\u0433\\u043e\\u043b\\u043e\\u0432\\u043e\\u043a\", \"\\u0422\\u0435\\u043a\\u0441\\u0442\"]}}]"
  }
},
{
  "model": "admin.logentry",
  "pk": 66,
  "fields": {
    "action_time": "2022-12-19T00:21:21.071Z",
    "user": 1,
    "content_type": 3,
    "object_id": "22",
    "object_repr": "Кража",
    "action_flag": 2,
    "change_message": "[{\"changed\": {\"fields\": [\"\\u041e\\u043f\\u0443\\u0431\\u043b\\u0438\\u043a\\u043e\\u0432\\u0430\\u043d\\u043e\"]}}]"
  }
},
{
  "model": "admin.logentry",
  "pk": 67,
  "fields": {
    "action_time": "2022-12-19T00:22:06.675Z",
    "user": 1,
    "content_type": 3,
    "object_id": "22",
    "object_repr": "Кража",
    "action_flag": 2,
    "change_message": "[{\"changed\": {\"fields\": [\"\\u041e\\u043f\\u0443\\u0431\\u043b\\u0438\\u043a\\u043e\\u0432\\u0430\\u043d\\u043e\"]}}]"
  }
},
{
  "model": "admin.logentry",
  "pk": 68,
  "fields": {
    "action_time": "2022-12-19T00:24:29.718Z",
    "user": 1,
    "content_type": 1,
    "object_id": "3",
    "object_repr": "Наблюдения",
    "action_flag": 2,
    "change_message": "[{\"changed\": {\"fields\": [\"\\u041e\\u043f\\u0443\\u0431\\u043b\\u0438\\u043a\\u043e\\u0432\\u0430\\u043d\\u043e\"]}}]"
  }
},
{
  "model": "admin.logentry",
  "pk": 69,
  "fields": {
    "action_time": "2022-12-19T00:27:51.967Z",
    "user": 1,
    "content_type": 1,
    "object_id": "3",
    "object_repr": "Наблюдения",
    "action_flag": 2,
    "change_message": "[{\"changed\": {\"fields\": [\"\\u041e\\u043f\\u0443\\u0431\\u043b\\u0438\\u043a\\u043e\\u0432\\u0430\\u043d\\u043e\"]}}]"
  }
},
{
  "model": "admin.logentry",
  "pk": 70,
  "fields": {
    "action_time": "2022-12-19T13:08:14.521Z",
    "user": 1,
    "content_type": 1,
    "object_id": "6",
    "object_repr": "Работа",
    "action_flag": 2,
    "change_message": "[{\"changed\": {\"fields\": [\"\\u041e\\u043f\\u0438\\u0441\\u0430\\u043d\\u0438\\u0435\"]}}]"
  }
},
{
  "model": "admin.logentry",
  "pk": 71,
  "fields": {
    "action_time": "2022-12-19T13:08:35.070Z",
    "user": 1,
    "content_type": 1,
    "object_id": "4",
    "object_repr": "Посиделки",
    "action_flag": 2,
    "change_message": "[{\"changed\": {\"fields\": [\"\\u041e\\u043f\\u0438\\u0441\\u0430\\u043d\\u0438\\u0435\"]}}]"
  }
},
{
  "model": "admin.logentry",
  "pk": 72,
  "fields": {
    "action_time": "2022-12-19T13:08:57.899Z",
    "user": 1,
    "content_type": 1,
    "object_id": "3",
    "object_repr": "Наблюдения",
    "action_flag": 2,
    "change_message": "[{\"changed\": {\"fields\": [\"\\u041e\\u043f\\u0438\\u0441\\u0430\\u043d\\u0438\\u0435\"]}}]"
  }
},
{
  "model": "admin.logentry",
  "pk": 73,
  "fields": {
    "action_time": "2022-12-19T13:09:11.646Z",
    "user": 1,
    "content_type": 1,
    "object_id": "2",
    "object_repr": "Здоровье",
    "action_flag": 2,
    "change_message": "[{\"changed\": {\"fields\": [\"\\u041e\\u043f\\u0438\\u0441\\u0430\\u043d\\u0438\\u0435\"]}}]"
  }
},
{
  "model": "admin.logentry",
  "pk": 74,
  "fields": {
    "action_time": "2022-12-19T15:39:22.191Z",
    "user": 1,
    "content_type": 1,
    "object_id": "3",
    "object_repr": "Наблюдения",
    "action_flag": 2,
    "change_message": "[{\"changed\": {\"fields\": [\"\\u041e\\u043f\\u0443\\u0431\\u043b\\u0438\\u043a\\u043e\\u0432\\u0430\\u043d\\u043e\"]}}]"
  }
},
{
  "model": "admin.logentry",
  "pk": 75,
  "fields": {
    "action_time": "2022-12-19T15:40:46.489Z",
    "user": 1,
    "content_type": 1,
    "object_id": "3",
    "object_repr": "Наблюдения",
    "action_flag": 2,
    "change_message": "[{\"changed\": {\"fields\": [\"\\u041e\\u043f\\u0443\\u0431\\u043b\\u0438\\u043a\\u043e\\u0432\\u0430\\u043d\\u043e\"]}}]"
  }
},
{
  "model": "auth.permission",
  "pk": 1,
  "fields": {
    "name": "Can add категория",
    "content_type": 1,
    "codename": "add_category"
  }
},
{
  "model": "auth.permission",
  "pk": 2,
  "fields": {
    "name": "Can change категория",
    "content_type": 1,
    "codename": "change_category"
  }
},
{
  "model": "auth.permission",
  "pk": 3,
  "fields": {
    "name": "Can delete категория",
    "content_type": 1,
    "codename": "delete_category"
  }
},
{
  "model": "auth.permission",
  "pk": 4,
  "fields": {
    "name": "Can view категория",
    "content_type": 1,
    "codename": "view_category"
  }
},
{
  "model": "auth.permission",
  "pk": 5,
  "fields": {
    "name": "Can add местоположение",
    "content_type": 2,
    "codename": "add_location"
  }
},
{
  "model": "auth.permission",
  "pk": 6,
  "fields": {
    "name": "Can change местоположение",
    "content_type": 2,
    "codename": "change_location"
  }
},
{
  "model": "auth.permission",
  "pk": 7,
  "fields": {
    "name": "Can delete местоположение",
    "content_type": 2,
    "codename": "delete_location"
  }
},
{
  "model": "auth.permission",
  "pk": 8,
  "fields": {
    "name": "Can view местоположение",
    "content_type": 2,
    "codename": "view_location"
  }
},
{
  "model": "auth.permission",
  "pk": 9,
  "fields": {
    "name": "Can add публикация",
    "content_type": 3,
    "codename": "add_post"
  }
},
{
  "model": "auth.permission",
  "pk": 10,
  "fields": {
    "name": "Can change публикация",
    "content_type": 3,
    "codename": "change_post"
  }
},
{
  "model": "auth.permission",
  "pk": 11,
  "fields": {
    "name": "Can delete публикация",
    "content_type": 3,
    "codename": "delete_post"
  }
},
{
  "model": "auth.permission",
  "pk": 12,
  "fields": {
    "name": "Can view публикация",
    "content_type": 3,
    "codename": "view_post"
  }
},
{
  "model": "auth.permission",
  "pk": 13,
  "fields": {
    "name": "Can add log entry",
    "content_type": 4,
    "codename": "add_logentry"
  }
},
{
  "model": "auth.permission",
  "pk": 14,
  "fields": {
    "name": "Can change log entry",
    "content_type": 4,
    "codename": "change_logentry"
  }
},
{
  "model": "auth.permission",
  "pk": 15,
  "fields": {
    "name": "Can delete log entry",
    "content_type": 4,
    "codename": "delete_logentry"
  }
},
{
  "model": "auth.permission",
  "pk": 16,
  "fields": {
    "name": "Can view log entry",
    "content_type": 4,
    "codename": "view_logentry"
  }
},
{
  "model": "auth.permission",
  "pk": 17,
  "fields": {
    "name": "Can add permission",
    "content_type": 5,
    "codename": "add_permission"
  }
},
{
  "model": "auth.permission",
  "pk": 18,
  "fields": {
    "name": "Can change permission",
    "content_type": 5,
    "codename": "change_permission"
  }
},
{
  "model": "auth.permission",
  "pk": 19,
  "fields": {
    "name": "Can delete permission",
    "content_type": 5,
    "codename": "delete_permission"
  }
},
{
  "model": "auth.permission",
  "pk": 20,
  "fields": {
    "name": "Can view permission",
    "content_type": 5,
    "codename": "view_permission"
  }
},
{
  "model": "auth.permission",
  "pk": 21,
  "fields": {
    "name": "Can add group",
    "content_type": 6,
    "codename": "add_group"
  }
},
{
  "model": "auth.permission",
  "pk": 22,
  "fields": {
    "name": "Can change group",
    "content_type": 6,
    "codename": "change_group"
  }
},
{
  "model": "auth.permission",
  "pk": 23,
  "fields": {
    "name": "Can delete group",
    "content_type": 6,
    "codename": "delete_group"
  }
},
{
  "model": "auth.permission",
  "pk": 24,
  "fields": {
    "name": "Can view group",
    "content_type": 6,
    "codename": "view_group"
  }
},
{
  "model": "auth.permission",
  "pk": 25,
  "fields": {
    "name": "Can add user",
    "content_type": 7,
    "codename": "add_user"
  }
},
{
  "model": "auth.permission",
  "pk": 26,
  "fields": {
    "name": "Can change user",
    "content_type": 7,
    "codename": "change_user"
  }
},
{
  "model": "auth.permission",
  "pk": 27,
  "fields": {
    "name": "Can delete user",
    "content_type": 7,
    "codename": "delete_user"
  }
},
{
  "model": "auth.permission",
  "pk": 28,
  "fields": {
    "name": "Can view user",
    "content_type": 7,
    "codename": "view_user"
  }
},
{
  "model": "auth.permission",
  "pk": 29,
  "fields": {
    "name": "Can add content type",
    "content_type": 8,
    "codename": "add_contenttype"
  }
},
{
  "model": "auth.permission",
  "pk": 30,
  "fields": {
    "name": "Can change content type",
    "content_type": 8,
    "codename": "change_contenttype"
  }
},
{
  "model": "auth.permission",
  "pk": 31,
  "fields": {
    "name": "Can delete content type",
    "content_type": 8,
    "codename": "delete_contenttype"
  }
},
{
  "model": "auth.permission",
  "pk": 32,
  "fields": {
    "name": "Can view content type",
    "content_type": 8,
    "codename": "view_contenttype"
  }
},
{
  "model": "auth.permission",
  "pk": 33,
  "fields": {
    "name": "Can add session",
    "content_type": 9,
    "codename": "add_session"
  }
},
{
  "model": "auth.permission",
  "pk": 34,
  "fields": {
    "name": "Can change session",
    "content_type": 9,
    "codename": "change_session"
  }
},
{
  "model": "auth.permission",
  "pk": 35,
  "fields": {
    "name": "Can delete session",
    "content_type": 9,
    "codename": "delete_session"
  }
},
{
  "model": "auth.permission",
  "pk": 36,
  "fields": {
    "name": "Can view session",
    "content_type": 9,
    "codename": "view_session"
  }
},
{
  "model": "auth.permission",
  "pk": 37,
  "fields": {
    "name": "Can add категория",
    "content_type": 7,
    "codename": "add_category"
  }
},
{
  "model": "auth.permission",
  "pk": 38,
  "fields": {
    "name": "Can change категория",
    "content_type": 7,
    "codename": "change_category"
  }
},
{
  "model": "auth.permission",
  "pk": 39,
  "fields": {
    "name": "Can delete категория",
    "content_type": 7,
    "codename": "delete_category"
  }
},
{
  "model": "auth.permission",
  "pk": 40,
  "fields": {
    "name": "Can view категория",
    "content_type": 7,
    "codename": "view_category"
  }
},
{
  "model": "auth.permission",
  "pk": 41,
  "fields": {
    "name": "Can add местоположение",
    "content_type": 9,
    "codename": "add_location"
  }
},
{
  "model": "auth.permission",
  "pk": 42,
  "fields": {
    "name": "Can change местоположение",
    "content_type": 9,
    "codename": "change_location"
  }
},
{
  "model": "auth.permission",
  "pk": 43,
  "fields": {
    "name": "Can delete местоположение",
    "content_type": 9,
    "codename": "delete_location"
  }
},
{
  "model": "auth.permission",
  "pk": 44,
  "fields": {
    "name": "Can view местоположение",
    "content_type": 9,
    "codename": "view_location"
  }
},
{
  "model": "auth.permission",
  "pk": 45,
  "fields": {
    "name": "Can add публикация",
    "content_type": 8,
    "codename": "add_post"
  }
},
{
  "model": "auth.permission",
  "pk": 46,
  "fields": {
    "name": "Can change публикация",
    "content_type": 8,
    "codename": "change_post"
  }
},
{
  "model": "auth.permission",
  "pk": 47,
  "fields": {
    "name": "Can delete публикация",
    "content_type": 8,
    "codename": "delete_post"
  }
},
{
  "model": "auth.permission",
  "pk": 48,
  "fields": {
    "name": "Can view публикация",
    "content_type": 8,
    "codename": "view_post"
  }
},
{
  "model": "auth.permission",
  "pk": 49,
  "fields": {
    "name": "Can add log entry",
    "content_type": 1,
    "codename": "add_logentry"
  }
},
{
  "model": "auth.permission",
  "pk": 50,
  "fields": {
    "name": "Can change log entry",
    "content_type": 1,
    "codename": "change_logentry"
  }
},
{
  "model": "auth.permission",
  "pk": 51,
  "fields": {
    "name": "Can delete log entry",
    "content_type": 1,
    "codename": "delete_logentry"
  }
},
{
  "model": "auth.permission",
  "pk": 52,
  "fields": {
    "name": "Can view log entry",
    "content_type": 1,
    "codename": "view_logentry"
  }
},
{
  "model": "auth.permission",
  "pk": 53,
  "fields": {
    "name": "Can add permission",
    "content_type": 2,
    "codename": "add_permission"
  }
},
{
  "model": "auth.permission",
  "pk": 54,
  "fields": {
    "name": "Can change permission",
    "content_type": 2,
    "codename": "change_permission"
  }
},
{
  "model": "auth.permission",
  "pk": 55,
  "fields": {
    "name": "Can delete permission",
    "content_type": 2,
    "codename": "delete_permission"
  }
},
{
  "model": "auth.permission",
  "pk": 56,
  "fields": {
    "name": "Can view permission",
    "content_type": 2,
    "codename": "view_permission"
  }
},
{
  "model": "auth.permission",
  "pk": 57,
  "fields": {
    "name": "Can add group",
    "content_type": 3,
    "codename": "add_group"
  }
},
{
  "model": "auth.permission",
  "pk": 58,
  "fields": {
    "name": "Can change group",
    "content_type": 3,
    "codename": "change_group"
  }
},
{
  "model": "auth.permission",
  "pk": 59,
  "fields": {
    "name": "Can delete group",
    "content_type": 3,
    "codename": "delete_group"
  }
},
{
  "model": "auth.permission",
  "pk": 60,
  "fields": {
    "name": "Can view group",
    "content_type": 3,
    "codename": "view_group"
  }
},
{
  "model": "auth.permission",
  "pk": 61,
  "fields": {
    "name": "Can add user",
    "content_type": 4,
    "codename": "add_user"
  }
},
{
  "model": "auth.permission",
  "pk": 62,
  "fields": {
    "name": "Can change user",
    "content_type": 4,
    "codename": "change_user"
  }
},
{
  "model": "auth.permission",
  "pk": 63,
  "fields": {
    "name": "Can delete user",
    "content_type": 4,
    "codename": "delete_user"
  }
},
{
  "model": "auth.permission",
  "pk": 64,
  "fields": {
    "name": "Can view user",
    "content_type": 4,
    "codename": "view_user"
  }
},
{
  "model": "auth.permission",
  "pk": 65,
  "fields": {
    "name": "Can add content type",
    "content_type": 5,
    "codename": "add_contenttype"
  }
},
{
  "model": "auth.permission",
  "pk": 66,
  "fields": {
    "name": "Can change content type",
    "content_type": 5,
    "codename": "change_contenttype"
  }
},
{
  "model": "auth.permission",
  "pk": 67,
  "fields": {
    "name": "Can delete content type",
    "content_type": 5,
    "codename": "delete_contenttype"
  }
},
{
  "model": "auth.permission",
  "pk": 68,
  "fields": {
    "name": "Can view content type",
    "content_type": 5,
    "codename": "view_contenttype"
  }
},
{
  "model": "auth.permission",
  "pk": 69,
  "fields": {
    "name": "Can add session",
    "content_type": 6,
    "codename": "add_session"
  }
},
{
  "model": "auth.permission",
  "pk": 70,
  "fields": {
    "name": "Can change session",
    "content_type": 6,
    "codename": "change_session"
  }
},
{
  "model": "auth.permission",
  "pk": 71,
  "fields": {
    "name": "Can delete session",
    "content_type": 6,
    "codename": "delete_session"
  }
},
{
  "model": "auth.permission",
  "pk": 72,
  "fields": {
    "name": "Can view session",
    "content_type": 6,
    "codename": "view_session"
  }
},
{
  "model": "auth.user",
  "pk": 1,
  "fields": {
    "password": "pbkdf2_sha256$260000$wkDQh0H0DlA9aVurNkbKY8$Tvo4+TT25kNKFF1sZQ0NlJHYVMOM5UAe42VNeJxmtnY=",
    "last_login": "2022-12-18T22:58:02.841Z",
    "is_superuser": true,
    "username": "admin",
    "first_name": "",
    "last_name": "",
    "email": "ya@ya.ru",
    "is_staff": true,
    "is_active": true,
    "date_joined": "2022-12-18T22:57:29.299Z",
    "groups": [],
    "user_permissions": []
  }
},
{
  "model": "auth.user",
  "pk": 2,
  "fields": {
    "password": "pbkdf2_sha256$260000$Bpi81SWpSA0HDt0G2ofnLt$UdEDuX7nim2Yhd6efVEh86wYueoZVPEI3hdsA1WD3iw=",
    "last_login": null,
    "is_superuser": false,
    "username": "leo",
    "first_name": "Лев",
    "last_name": "Толстой",
    "email": "",
    "is_staff": false,
    "is_active": true,
    "date_joined": "2022-12-18T22:58:32Z",
    "groups": [],
    "user_permissions": []
  }
},
{
  "model": "auth.user",
  "pk": 3,
  "fields": {
    "password": "pbkdf2_sha256$260000$30YLQ8AWERcPtAreVHb3IV$pNwoym7Ukiy8ZNv9L8dF3qMXB4yfJObqIsm/yNu6CrA=",
    "last_login": null,
    "is_superuser": false,
    "username": "anton",
    "first_name": "Антон",
    "last_name": "Чехов",
    "email": "",
    "is_staff": false,
    "is_active": true,
    "date_joined": "2022-12-18T22:58:46Z",
    "groups": [],
    "user_permissions": []
  }
},
{
  "model": "auth.user",
  "pk": 4,
  "fields": {
    "password": "pbkdf2_sha256$260000$bpKvE13bEr0QIlBHTGHT1w$hOiqumJnImTh1RRyS5JYpm3kfT6xjHw7NC8Ss8ePIKY=",
    "last_login": null,
    "is_superuser": false,
    "username": "alex",
    "first_name": "Александр",
    "last_name": "Островский",
    "email": "",
    "is_staff": false,
    "is_active": true,
    "date_joined": "2022-12-18T22:58:58Z",
    "groups": [],
    "user_permissions": []
  }
},
{
  "model": "auth.user",
  "pk": 5,
  "fields": {
    "password": "pbkdf2_sha256$260000$7o74Y3RRi1lULzGd7Zi1RS$DN+sAlEURBF+DgG1fkpGF+lqMwMXoZ+tTTy5cW1zhgg=",
    "last_login": "2026-04-01T14:03:07.271Z",
    "is_superuser": true,
    "username": "Admin123",
    "first_name": "",
    "last_name": "",
    "email": "",
    "is_staff": true,
    "is_active": true,
    "date_joined": "2026-04-01T13:52:24.008Z",
    "groups": [],
    "user_permissions": []
  }
},
{
  "model": "contenttypes.contenttype",
  "pk": 1,
  "fields": {
    "app_label": "admin",
    "model": "logentry"
  }
},
{
  "model": "contenttypes.contenttype",
  "pk": 2,
  "fields": {
    "app_label": "auth",
    "model": "permission"
  }
},
{
  "model": "contenttypes.contenttype",
  "pk": 3,
  "fields": {
    "app_label": "auth",
    "model": "group"
  }
},
{
  "model": "contenttypes.contenttype",
  "pk": 4,
  "fields": {
    "app_label": "auth",
    "model": "user"
  }
},
{
  "model": "contenttypes.contenttype",
  "pk": 5,
  "fields": {
    "app_label": "contenttypes",
    "model": "contenttype"
  }
},
{
  "model": "contenttypes.contenttype",
  "pk": 6,
  "fields": {
    "app_label": "sessions",
    "model": "session"
  }
},
{
  "model": "contenttypes.contenttype",
  "pk": 7,
  "fields": {
    "app_label": "blog",
    "model": "category"
  }
},
{
  "model": "contenttypes.contenttype",
  "pk": 8,
  "fields": {
    "app_label": "blog",
    "model": "post"
  }
},
{
  "model": "contenttypes.contenttype",
  "pk": 9,
  "fields": {
    "app_label": "blog",
    "model": "location"
  }
},
{
  "model": "sessions.session",
  "pk": "4bd2woek5otaq9l6d3ac2f8j15vnivv6",
  "fields": {
    "session_data": ".eJxVjEEOwiAQRe_C2hCwMFCX7j0DGWZAqgaS0q6Md7dNutDte-__twi4LiWsPc1hYnERVpx-WUR6proLfmC9N0mtLvMU5Z7Iw3Z5a5xe16P9OyjYy7Y27BiZtPcUTbaoETBnbfM5MTE4cAa9VYOCIY-ghjFFyqgi6A0BevH5Ag2YOGA:1w7w9z:habvvS2JieS--jCuI6VA44N3Pz8MPP60xFQmqY80YVk",
    "expire_date": "2026-04-15T14:03:07.279Z"
  }
},
{
  "model": "sessions.session",
  "pk": "533s8zgj27g7dlfdiszles0j366u5f7e",
  "fields": {
    "session_data": ".eJxVjDsOwjAQBe_iGln-26Gkzxmi9e4aB1As5VMh7k4ipYD2zcx7iwG2tQ7bwvMwkrgKLS6_WwZ88nQAesB0bxLbtM5jlociT7rIvhG_bqf7d1BhqXvNiC6jAyA2vvjcJYyonS4hJMWsnCLLSAELlVi6rLzu0FpSJu26ieLzBRyyOMM:1p72ba:LAe-slAAK1-8xsaD-1zKhBO4iIlnZX7-u0PFzqwcoKY",
    "expire_date": "2023-01-01T22:58:02.843Z"
  }
}
]
